component_id,raw_rank,raw_score,overlap,background_distance_px,touches_render_background,half_score,half_rank,full_score,full_rank,hard_020_rank,calibration_group
244,1,0.200628,0.000000,134.833,False,0.200628,1,0.200628,1,1,unlabelled
391,2,0.186059,0.000000,643.453,False,0.186059,2,0.186059,2,2,unlabelled
934,3,0.185157,0.000000,90.427,False,0.185157,3,0.185157,3,3,unlabelled
924,4,0.182775,0.000000,534.000,False,0.182775,4,0.182775,4,4,unlabelled
215,5,0.181901,0.929032,0.000,True,0.097405,176,0.012909,198,143,known_background
1064,6,0.180722,0.835938,0.000,True,0.105186,168,0.029650,189,144,known_background
566,7,0.178003,0.000000,661.653,False,0.178003,5,0.178003,5,5,interior_control
795,8,0.172064,0.600000,0.000,True,0.120445,151,0.068826,165,145,known_background
923,9,0.171302,0.000000,180.580,False,0.171302,6,0.171302,6,6,unlabelled
965,10,0.170168,0.240385,0.000,True,0.149715,58,0.129262,140,146,known_background
690,11,0.168743,0.000000,981.041,False,0.168743,7,0.168743,7,7,interior_control
507,12,0.168584,0.000000,550.215,False,0.168584,8,0.168584,8,8,unlabelled
605,13,0.168280,0.000000,264.518,False,0.168280,9,0.168280,9,9,unlabelled
533,14,0.167543,0.000000,798.448,False,0.167543,10,0.167543,10,10,unlabelled
638,15,0.166563,0.000000,53.000,False,0.166563,11,0.166563,11,11,ambiguous
78,16,0.166419,0.654206,0.000,True,0.111983,156,0.057547,172,147,known_background
1150,17,0.165786,0.000000,48.000,False,0.165786,12,0.165786,12,12,unlabelled
457,18,0.165157,0.915670,0.000,True,0.089542,190,0.013928,197,148,known_background
300,19,0.163321,0.000000,147.231,False,0.163321,13,0.163321,13,13,unlabelled
511,20,0.162295,0.000000,936.090,False,0.162295,14,0.162295,14,14,unlabelled
436,21,0.162016,0.000000,436.657,False,0.162016,15,0.162016,15,15,unlabelled
156,22,0.162000,0.000000,76.000,False,0.162000,16,0.162000,16,16,unlabelled
818,23,0.161861,0.000000,562.648,False,0.161861,17,0.161861,17,17,unlabelled
1008,24,0.161791,0.000000,380.337,False,0.161791,18,0.161791,18,18,unlabelled
65,25,0.161608,0.170455,0.000,True,0.147835,68,0.134061,134,19,unlabelled
1093,26,0.161283,0.000000,196.840,False,0.161283,19,0.161283,19,20,unlabelled
862,27,0.160631,0.831579,0.000,True,0.093842,183,0.027054,192,149,unlabelled
121,28,0.160618,0.793103,0.000,True,0.096925,178,0.033231,187,150,unlabelled
602,29,0.160462,0.003690,0.000,True,0.160166,20,0.159870,20,21,unlabelled
723,30,0.159619,0.000000,946.000,False,0.159619,21,0.159619,21,22,unlabelled
309,31,0.159513,0.000000,930.059,False,0.159513,22,0.159513,22,23,unlabelled
942,32,0.159369,0.000000,557.008,False,0.159369,23,0.159369,23,24,unlabelled
619,33,0.159216,0.000000,1031.361,False,0.159216,24,0.159216,24,25,unlabelled
592,34,0.159101,0.751323,0.000,True,0.099333,173,0.039565,182,151,unlabelled
458,35,0.159074,0.000000,810.055,False,0.159074,25,0.159074,25,26,unlabelled
371,36,0.158380,0.000000,425.319,False,0.158380,26,0.158380,26,27,unlabelled
1047,37,0.157854,0.000000,264.030,False,0.157854,27,0.157854,27,28,unlabelled
466,38,0.157679,0.000000,726.651,False,0.157679,28,0.157679,28,29,unlabelled
122,39,0.157437,0.390244,0.000,True,0.126718,145,0.095998,152,152,unlabelled
629,40,0.157427,0.000000,170.074,False,0.157427,29,0.157427,29,30,unlabelled
825,41,0.157279,0.000000,821.000,False,0.157279,30,0.157279,30,31,unlabelled
1087,42,0.156970,0.000000,42.012,False,0.156970,31,0.156970,31,32,unlabelled
906,43,0.156957,0.000000,741.968,False,0.156957,32,0.156957,32,33,unlabelled
607,44,0.156837,0.000000,1123.824,False,0.156837,33,0.156837,33,34,unlabelled
256,45,0.156510,0.000000,47.074,False,0.156510,34,0.156510,34,35,unlabelled
887,46,0.156334,0.709302,0.000,True,0.100890,171,0.045446,178,153,unlabelled
1051,47,0.156257,0.000000,301.000,False,0.156257,35,0.156257,35,36,unlabelled
85,48,0.155760,0.000000,109.165,False,0.155760,36,0.155760,36,37,unlabelled
292,49,0.155453,0.000000,553.231,False,0.155453,37,0.155453,37,38,unlabelled
34,50,0.155375,0.086420,0.000,True,0.148661,64,0.141947,89,39,unlabelled
1068,51,0.155145,0.000000,175.000,False,0.155145,38,0.155145,38,40,unlabelled
826,52,0.154990,0.000000,117.835,False,0.154990,39,0.154990,39,41,unlabelled
835,53,0.154852,0.000000,702.263,False,0.154852,40,0.154852,40,42,unlabelled
145,54,0.154456,0.000000,417.469,False,0.154456,41,0.154456,41,43,unlabelled
318,55,0.154237,0.000000,477.747,False,0.154237,42,0.154237,42,44,unlabelled
24,56,0.154000,0.607891,0.000,True,0.107192,163,0.060385,170,154,unlabelled
1044,57,0.153892,0.000000,248.453,False,0.153892,43,0.153892,43,45,unlabelled
9,58,0.153876,0.000000,1.000,True,0.153876,44,0.153876,44,46,unlabelled
1053,59,0.153712,0.000000,223.973,False,0.153712,45,0.153712,45,47,unlabelled
296,60,0.153576,0.000000,511.786,False,0.153576,46,0.153576,46,48,unlabelled
824,61,0.153372,0.259542,0.000,True,0.133469,141,0.113566,144,155,unlabelled
175,62,0.153116,0.000000,155.647,False,0.153116,47,0.153116,47,49,unlabelled
260,63,0.152922,0.000000,565.532,False,0.152922,48,0.152922,48,50,unlabelled
985,64,0.152770,0.000000,475.304,False,0.152770,49,0.152770,49,51,unlabelled
982,65,0.152695,0.000000,137.102,False,0.152695,50,0.152695,50,52,unlabelled
153,66,0.152410,0.344828,0.000,True,0.126132,147,0.099855,150,156,unlabelled
347,67,0.152256,0.337079,0.000,True,0.126595,146,0.100934,148,157,unlabelled
1137,68,0.151986,0.000000,104.690,False,0.151986,51,0.151986,51,53,unlabelled
305,69,0.151959,0.780635,0.000,True,0.092647,184,0.033334,186,158,unlabelled
440,70,0.151056,0.000000,1113.922,False,0.151056,52,0.151056,52,54,unlabelled
843,71,0.150963,0.409774,0.000,True,0.120033,152,0.089102,153,159,unlabelled
284,72,0.150754,0.000000,289.762,False,0.150754,53,0.150754,53,55,unlabelled
570,73,0.150506,0.000000,2.000,False,0.150506,54,0.150506,54,56,unlabelled
864,74,0.149995,0.000000,702.086,False,0.149995,55,0.149995,55,57,unlabelled
100,75,0.149992,0.070175,0.000,True,0.144729,82,0.139466,103,58,unlabelled
1084,76,0.149950,0.000000,271.007,False,0.149950,56,0.149950,56,59,unlabelled
1006,77,0.149867,0.073770,0.000,True,0.144339,85,0.138811,106,60,unlabelled
1029,78,0.149846,0.000000,354.510,False,0.149846,57,0.149846,57,61,unlabelled
192,79,0.149516,0.905085,0.000,True,0.081854,196,0.014191,196,160,unlabelled
39,80,0.149437,0.605097,0.000,True,0.104225,169,0.059013,171,161,unlabelled
764,81,0.149369,0.000000,846.979,False,0.149369,59,0.149369,58,62,unlabelled
1073,82,0.149193,0.000000,287.021,False,0.149193,60,0.149193,59,63,unlabelled
467,83,0.149179,0.000000,1216.883,False,0.149179,61,0.149179,60,64,unlabelled
115,84,0.148935,0.804878,0.000,True,0.088998,192,0.029060,190,162,unlabelled
207,85,0.148886,0.000000,107.870,False,0.148886,62,0.148886,61,65,unlabelled
1054,86,0.148784,0.000000,229.787,False,0.148784,63,0.148784,62,66,unlabelled
808,87,0.148628,0.166667,0.000,True,0.136242,130,0.123857,142,67,unlabelled
559,88,0.148446,0.830323,0.000,True,0.086817,193,0.025188,193,163,unlabelled
809,89,0.148097,0.000000,871.009,False,0.148097,65,0.148097,63,68,unlabelled
1072,90,0.148054,0.000000,92.779,False,0.148054,66,0.148054,64,69,unlabelled
1128,91,0.147878,0.000000,49.000,False,0.147878,67,0.147878,65,70,unlabelled
943,92,0.147555,0.000000,226.020,False,0.147555,69,0.147555,66,71,unlabelled
661,93,0.147437,0.762073,0.000,True,0.091258,188,0.035079,185,164,unlabelled
820,94,0.147386,0.933594,0.000,True,0.078587,199,0.009787,200,165,unlabelled
977,95,0.147258,0.000000,81.492,False,0.147258,70,0.147258,67,72,unlabelled
4,96,0.146884,0.000000,50.160,False,0.146884,71,0.146884,68,73,unlabelled
1063,97,0.146866,0.000000,195.000,False,0.146866,72,0.146866,69,74,unlabelled
227,98,0.146844,0.509804,0.000,True,0.109413,161,0.071982,162,166,unlabelled
716,99,0.146440,0.000000,742.026,False,0.146440,73,0.146440,70,75,unlabelled
675,100,0.146343,0.000000,993.484,False,0.146343,74,0.146343,71,76,unlabelled
651,101,0.146282,0.000000,817.240,False,0.146282,75,0.146282,72,77,unlabelled
688,102,0.146053,0.000000,968.393,False,0.146053,76,0.146053,73,78,unlabelled
590,103,0.145856,0.000000,1147.848,False,0.145856,77,0.145856,74,79,unlabelled
290,104,0.145555,0.000000,482.249,False,0.145555,78,0.145555,75,80,unlabelled
1016,105,0.145077,0.000000,273.585,False,0.145077,79,0.145077,76,81,unlabelled
184,106,0.144935,0.771429,0.000,True,0.089031,191,0.033128,188,167,unlabelled
1033,107,0.144916,0.000000,278.189,False,0.144916,80,0.144916,77,82,unlabelled
1141,108,0.144899,0.000000,96.933,False,0.144899,81,0.144899,78,83,unlabelled
232,109,0.144535,0.000000,530.911,False,0.144535,83,0.144535,79,84,unlabelled
676,110,0.144424,0.000000,949.613,False,0.144424,84,0.144424,80,85,unlabelled
502,111,0.144360,0.731006,0.000,True,0.091596,187,0.038832,183,168,unlabelled
930,112,0.144328,0.000000,721.000,False,0.144328,86,0.144328,81,86,unlabelled
275,113,0.144252,0.000000,521.311,False,0.144252,87,0.144252,82,87,unlabelled
612,114,0.144106,0.000000,968.282,False,0.144106,88,0.144106,83,88,unlabelled
1040,115,0.143662,0.000000,234.002,False,0.143662,89,0.143662,84,89,unlabelled
434,116,0.143592,0.722772,0.000,True,0.091700,186,0.039808,181,169,unlabelled
445,117,0.143545,0.922727,0.000,True,0.077319,200,0.011092,199,170,unlabelled
425,118,0.143531,0.000000,82.298,False,0.143531,90,0.143531,85,90,unlabelled
310,119,0.143206,0.717391,0.000,True,0.091839,185,0.040471,180,171,unlabelled
346,120,0.142957,0.512935,0.000,True,0.106293,166,0.069629,164,172,unlabelled
200,121,0.142835,0.065574,0.000,True,0.138152,113,0.133469,138,91,unlabelled
970,122,0.142567,0.260870,0.000,True,0.123971,149,0.105376,147,173,unlabelled
351,123,0.142465,0.000000,485.276,False,0.142465,91,0.142465,86,92,unlabelled
582,124,0.142373,0.000000,992.854,False,0.142373,92,0.142373,87,93,unlabelled
974,125,0.142307,0.000000,519.710,False,0.142307,93,0.142307,88,94,unlabelled
449,126,0.142140,0.674976,0.000,True,0.094169,182,0.046199,177,174,unlabelled
316,127,0.141957,0.315789,0.000,True,0.119543,153,0.097129,151,175,unlabelled
1144,128,0.141817,0.000000,20.000,False,0.141817,94,0.141817,90,95,unlabelled
953,129,0.141612,0.122449,0.000,True,0.132942,143,0.124272,141,96,unlabelled
280,130,0.141398,0.000000,478.093,False,0.141398,95,0.141398,91,97,unlabelled
731,131,0.141385,0.435714,0.000,True,0.110583,158,0.079782,157,176,unlabelled
708,132,0.141346,0.622222,0.000,True,0.097372,177,0.053397,173,177,unlabelled
40,133,0.141239,0.629371,0.000,True,0.096793,179,0.052347,174,178,unlabelled
747,134,0.140934,0.000000,843.195,False,0.140934,96,0.140934,92,98,unlabelled
370,135,0.140876,0.553377,0.000,True,0.101897,170,0.062918,168,179,unlabelled
249,136,0.140796,0.000000,535.516,False,0.140796,97,0.140796,93,99,unlabelled
1148,137,0.140792,0.443299,0.000,True,0.109586,160,0.078379,159,180,unlabelled
1018,138,0.140718,0.235294,0.000,True,0.124163,148,0.107608,145,181,unlabelled
72,139,0.140619,0.500000,0.000,True,0.105464,167,0.070309,163,182,unlabelled
704,140,0.140370,0.000000,884.102,False,0.140370,98,0.140370,94,100,unlabelled
1,141,0.140342,0.644098,0.000,True,0.095145,181,0.049948,176,183,unlabelled
645,142,0.140311,0.000000,1017.307,False,0.140311,99,0.140311,95,101,unlabelled
882,143,0.140248,0.436782,0.000,True,0.109619,159,0.078990,158,184,unlabelled
546,144,0.140199,0.244898,0.000,True,0.123032,150,0.105865,146,185,unlabelled
783,145,0.140097,0.000000,897.020,False,0.140097,100,0.140097,96,102,unlabelled
794,146,0.140044,0.000000,866.707,False,0.140044,101,0.140044,97,103,unlabelled
601,147,0.140029,0.633962,0.000,True,0.095642,180,0.051256,175,186,unlabelled
501,148,0.140003,0.000000,894.400,False,0.140003,102,0.140003,98,104,unlabelled
527,149,0.139768,0.000000,357.918,False,0.139768,103,0.139768,99,105,unlabelled
365,150,0.139705,0.000000,1023.158,False,0.139705,104,0.139705,100,106,unlabelled
748,151,0.139635,0.867350,0.000,True,0.079079,198,0.018523,195,187,unlabelled
110,152,0.139556,0.000000,12.042,False,0.139556,105,0.139556,101,107,unlabelled
303,153,0.139473,0.000000,284.000,False,0.139473,106,0.139473,102,108,unlabelled
867,154,0.139431,0.000000,750.003,False,0.139431,107,0.139431,104,109,unlabelled
358,155,0.139194,0.000000,295.169,False,0.139194,108,0.139194,105,110,unlabelled
1100,156,0.138605,0.000000,76.158,False,0.138605,109,0.138605,107,111,unlabelled
913,157,0.138500,0.000000,427.142,False,0.138500,110,0.138500,108,112,unlabelled
848,158,0.138443,0.382178,0.000,True,0.111988,155,0.085533,155,188,unlabelled
911,159,0.138208,0.000000,620.311,False,0.138208,111,0.138208,109,113,unlabelled
453,160,0.138158,0.000000,512.978,False,0.138158,112,0.138158,110,114,unlabelled
986,161,0.138139,0.000000,174.889,False,0.138139,114,0.138139,111,115,unlabelled
422,162,0.138111,0.000000,4.000,False,0.138111,115,0.138111,112,116,unlabelled
535,163,0.138098,0.000000,1126.159,False,0.138098,116,0.138098,113,117,unlabelled
664,164,0.138040,0.000000,963.229,False,0.138040,117,0.138040,114,118,unlabelled
851,165,0.137940,0.000000,769.000,False,0.137940,118,0.137940,115,119,unlabelled
265,166,0.137921,0.000000,151.321,False,0.137921,119,0.137921,116,120,unlabelled
677,167,0.137685,0.000000,988.071,False,0.137685,120,0.137685,117,121,unlabelled
261,168,0.137529,0.000000,753.011,False,0.137529,121,0.137529,118,122,unlabelled
640,169,0.137504,0.828446,0.000,True,0.080547,197,0.023589,194,189,unlabelled
585,170,0.137369,0.000000,1154.041,False,0.137369,122,0.137369,119,123,unlabelled
64,171,0.137254,0.441176,0.000,True,0.106977,164,0.076701,161,190,unlabelled
504,172,0.137243,0.682893,0.000,True,0.090382,189,0.043521,179,191,unlabelled
876,173,0.137087,0.405405,0.000,True,0.109299,162,0.081511,156,192,unlabelled
1129,174,0.137085,0.000000,62.769,False,0.137085,123,0.137085,120,124,unlabelled
558,175,0.136581,0.000000,1178.042,False,0.136581,124,0.136581,121,125,unlabelled
1045,176,0.136521,0.000000,19.925,False,0.136521,125,0.136521,122,126,unlabelled
228,177,0.136508,0.000000,40.000,False,0.136508,126,0.136508,123,127,unlabelled
279,178,0.136426,0.000000,435.753,False,0.136426,127,0.136426,124,128,unlabelled
912,179,0.136363,0.000000,55.973,False,0.136363,128,0.136363,125,129,unlabelled
894,180,0.136310,0.000000,105.309,False,0.136310,129,0.136310,126,130,unlabelled
927,181,0.135975,0.432967,0.000,True,0.106539,165,0.077102,160,193,unlabelled
893,182,0.135886,0.000000,766.001,False,0.135886,131,0.135886,127,131,unlabelled
354,183,0.135771,0.000000,1024.769,False,0.135771,132,0.135771,128,132,unlabelled
866,184,0.135649,0.087838,0.000,True,0.129691,144,0.123734,143,133,unlabelled
871,185,0.135154,0.258537,0.000,True,0.117683,154,0.100212,149,194,unlabelled
879,186,0.135125,0.000000,595.063,False,0.135125,133,0.135125,129,134,unlabelled
182,187,0.135100,0.786070,0.000,True,0.082001,195,0.028902,191,195,unlabelled
938,188,0.135087,0.000000,283.000,False,0.135087,134,0.135087,130,135,unlabelled
395,189,0.134945,0.000000,1091.370,False,0.134945,135,0.134945,131,136,unlabelled
522,190,0.134830,0.353383,0.000,True,0.111007,157,0.087183,154,196,unlabelled
372,191,0.134729,0.000000,9.000,False,0.134729,136,0.134729,132,137,unlabelled
554,192,0.134677,0.000000,325.994,False,0.134677,137,0.134677,133,138,unlabelled
124,193,0.133966,0.718693,0.000,True,0.085826,194,0.037686,184,197,unlabelled
362,194,0.133847,0.000000,572.071,False,0.133847,138,0.133847,135,139,unlabelled
944,195,0.133685,0.000000,565.305,False,0.133685,139,0.133685,136,140,unlabelled
686,196,0.133645,0.000000,976.664,False,0.133645,140,0.133645,137,141,unlabelled
91,197,0.133622,0.520243,0.000,True,0.098864,174,0.064106,167,198,unlabelled
515,198,0.133606,0.535714,0.000,True,0.097819,175,0.062031,169,199,unlabelled
781,199,0.133515,0.503830,0.000,True,0.099881,172,0.066246,166,200,unlabelled
868,200,0.133379,0.000000,481.664,False,0.133379,142,0.133379,139,142,unlabelled
